{"stats":{"minecraft:broken":{"minecraft:stone_pickaxe":4,"minecraft:golden_axe":1,"minecraft:golden_pickaxe":1,"minecraft:stone_shovel":24},"minecraft:killed":{"minecraft:pig":1,"minecraft:creeper":1,"minecraft:zombie":6,"minecraft:cow":4},"minecraft:dropped":{"minecraft:golden_boots":1,"minecraft:iron_ingot":2,"minecraft:bread":38,"minecraft:wheat_seeds":17,"minecraft:stone_sword":1,"minecraft:cocoa_beans":3,"minecraft:raw_copper":5,"minecraft:smooth_sandstone_stairs":1,"minecraft:cobblestone":5,"minecraft:rotten_flesh":2,"minecraft:granite":5,"minecraft:poppy":1,"minecraft:dirt":1,"minecraft:peony":1,"minecraft:jungle_log":1,"minecraft:jungle_sapling":2,"minecraft:sand":1,"minecraft:powered_rail":1,"minecraft:smooth_sandstone":15,"minecraft:acacia_planks":1},"minecraft:used":{"minecraft:acacia_log":7,"minecraft:stone_sword":73,"minecraft:stone_pickaxe":556,"minecraft:stone_shovel":3251,"minecraft:chest":13,"minecraft:shield":3,"minecraft:torch":46,"minecraft:sand":1,"minecraft:dirt":36,"minecraft:crafting_table":2,"minecraft:flower_pot":1,"minecraft:cornflower":1,"minecraft:bread":38,"minecraft:iron_axe":245,"minecraft:cyan_bed":5,"minecraft:cobblestone":6,"minecraft:acacia_planks":31,"minecraft:golden_pickaxe":32,"minecraft:golden_axe":32},"minecraft:crafted":{"minecraft:stone_shovel":25,"minecraft:crafting_table":2,"minecraft:bread":48,"minecraft:jungle_planks":152,"minecraft:iron_axe":2,"minecraft:stick":68,"minecraft:stone_pickaxe":7,"minecraft:stone_sword":1,"minecraft:chest":11,"minecraft:acacia_planks":52,"minecraft:torch":40,"minecraft:wheat":144},"minecraft:mined":{"minecraft:cut_sandstone":1,"minecraft:acacia_leaves":6,"minecraft:jungle_leaves":9,"minecraft:potted_cactus":1,"minecraft:cornflower":1,"minecraft:smooth_sandstone":5,"minecraft:crafting_table":1,"minecraft:granite":9,"minecraft:red_sand":1,"minecraft:acacia_log":21,"minecraft:grass_block":2085,"minecraft:chest":3,"minecraft:jungle_log":72,"minecraft:dead_bush":6,"minecraft:copper_ore":1,"minecraft:cyan_bed":6,"minecraft:sugar_cane":25,"minecraft:oxeye_daisy":1,"minecraft:wall_torch":1,"minecraft:spawner":3,"minecraft:hay_block":16,"minecraft:birch_leaves":6,"minecraft:peony":1,"minecraft:grass":123,"minecraft:oak_log":55,"minecraft:coal_ore":20,"minecraft:cocoa":2,"minecraft:dirt_path":1,"minecraft:vine":30,"minecraft:sand":4,"minecraft:dirt":1066,"minecraft:cobweb":1,"minecraft:smooth_sandstone_stairs":1,"minecraft:acacia_planks":3,"minecraft:stone":544,"minecraft:oak_leaves":119,"minecraft:green_bed":1,"minecraft:fern":30},"minecraft:picked_up":{"minecraft:iron_chestplate":1,"minecraft:cocoa_beans":21,"minecraft:crafting_table":1,"minecraft:flower_pot":1,"minecraft:jungle_log":71,"minecraft:cut_sandstone":1,"minecraft:leather":5,"minecraft:smooth_sandstone_stairs":1,"minecraft:oak_log":55,"minecraft:shield":1,"minecraft:gunpowder":1,"minecraft:cornflower":2,"minecraft:dirt":2920,"minecraft:string":1,"minecraft:raw_copper":5,"minecraft:smooth_sandstone":15,"minecraft:acacia_planks":2,"minecraft:wheat_seeds":53,"minecraft:iron_ingot":21,"minecraft:beef":10,"minecraft:jungle_sapling":3,"minecraft:poppy":1,"minecraft:sugar_cane":54,"minecraft:chest":5,"minecraft:egg":2,"minecraft:stick":21,"minecraft:torch":5,"minecraft:acacia_log":20,"minecraft:porkchop":1,"minecraft:sand":2,"minecraft:jungle_planks":40,"minecraft:cyan_bed":5,"minecraft:stone_sword":1,"minecraft:cactus":3,"minecraft:rotten_flesh":2,"minecraft:peony":1,"minecraft:hay_block":16,"minecraft:granite":5,"minecraft:bread":30,"minecraft:oak_sapling":16,"minecraft:coal":20,"minecraft:cobblestone":610,"minecraft:oxeye_daisy":1},"minecraft:custom":{"minecraft:interact_with_furnace":4,"minecraft:mob_kills":12,"minecraft:interact_with_crafting_table":17,"minecraft:pot_flower":1,"minecraft:leave_game":4,"minecraft:time_since_death":170722,"minecraft:sleep_in_bed":11,"minecraft:climb_one_cm":3886,"minecraft:time_since_rest":2959,"minecraft:sprint_one_cm":549409,"minecraft:damage_taken":935,"minecraft:walk_one_cm":623834,"minecraft:damage_blocked_by_shield":68,"minecraft:drop":35,"minecraft:damage_dealt":2297,"minecraft:swim_one_cm":26430,"minecraft:talked_to_villager":9,"minecraft:fly_one_cm":514775,"minecraft:open_chest":29,"minecraft:crouch_one_cm":12916,"minecraft:play_time":170722,"minecraft:sneak_time":5035,"minecraft:walk_under_water_one_cm":4489,"minecraft:jump":2694,"minecraft:walk_on_water_one_cm":15903,"minecraft:total_world_time":170722,"minecraft:fall_one_cm":81224}},"DataVersion":3105}