{"stats":{"minecraft:mined":{"minecraft:cut_sandstone":12,"minecraft:stone_pressure_plate":1,"minecraft:orange_terracotta":1,"minecraft:jungle_leaves":1,"minecraft:potted_cactus":4,"minecraft:dandelion":2,"minecraft:crafting_table":2,"minecraft:torch":6,"minecraft:potted_dead_bush":2,"minecraft:grass_block":1168,"minecraft:jungle_log":17,"minecraft:dead_bush":9,"minecraft:copper_ore":41,"minecraft:cobblestone":2,"minecraft:cyan_bed":7,"minecraft:sugar_cane":21,"minecraft:sandstone":9,"minecraft:wall_torch":4,"minecraft:hay_block":36,"minecraft:iron_ore":2,"minecraft:wheat":2,"minecraft:grass":596,"minecraft:oak_log":9,"minecraft:coal_ore":25,"minecraft:beetroots":1,"minecraft:vine":9,"minecraft:gravel":76,"minecraft:sand":9,"minecraft:dirt":661,"minecraft:stone":3110,"minecraft:oak_leaves":8,"minecraft:fern":212},"minecraft:picked_up":{"minecraft:crafting_table":2,"minecraft:wheat":2,"minecraft:flower_pot":5,"minecraft:jungle_log":17,"minecraft:cut_sandstone":11,"minecraft:flint":9,"minecraft:oak_log":9,"minecraft:dirt":1731,"minecraft:raw_copper":154,"minecraft:orange_terracotta":1,"minecraft:wheat_seeds":108,"minecraft:jungle_sapling":1,"minecraft:sugar_cane":35,"minecraft:stick":7,"minecraft:raw_iron":2,"minecraft:sandstone":9,"minecraft:torch":17,"minecraft:dandelion":6,"minecraft:gravel":61,"minecraft:sand":7,"minecraft:dead_bush":2,"minecraft:cyan_bed":7,"minecraft:stone_pressure_plate":1,"minecraft:rotten_flesh":2,"minecraft:cactus":4,"minecraft:hay_block":32,"minecraft:oak_sapling":2,"minecraft:coal":23,"minecraft:cobblestone":2532},"minecraft:killed":{"minecraft:zombie":3},"minecraft:used":{"minecraft:stone_sword":27,"minecraft:iron_shovel":1027,"minecraft:stone_shovel":134,"minecraft:stone_pickaxe":361,"minecraft:sandstone":9,"minecraft:cut_sandstone":4,"minecraft:torch":73,"minecraft:sand":22,"minecraft:crafting_table":1,"minecraft:diamond_pickaxe":1561,"minecraft:diamond_shovel":797,"minecraft:bread":40,"minecraft:cyan_bed":7,"minecraft:iron_pickaxe":1286,"minecraft:iron_axe":45,"minecraft:cobblestone":2,"minecraft:hay_block":5},"minecraft:dropped":{"minecraft:rotten_flesh":2,"minecraft:orange_terracotta":1,"minecraft:cut_sandstone":7,"minecraft:dead_bush":2,"minecraft:stone_pressure_plate":1,"minecraft:dandelion":2},"minecraft:broken":{"minecraft:stone_pickaxe":3,"minecraft:iron_shovel":4,"minecraft:diamond_pickaxe":1,"minecraft:iron_pickaxe":5,"minecraft:stone_shovel":1},"minecraft:crafted":{"minecraft:cooked_beef":10,"minecraft:diamond_shovel":2,"minecraft:bread":69,"minecraft:air":0,"minecraft:diamond_pickaxe":1,"minecraft:stick":24,"minecraft:iron_pickaxe":6,"minecraft:iron_shovel":4,"minecraft:torch":52,"minecraft:wheat":243},"minecraft:custom":{"minecraft:interact_with_furnace":1,"minecraft:mob_kills":3,"minecraft:interact_with_crafting_table":13,"minecraft:leave_game":4,"minecraft:time_since_death":211401,"minecraft:sleep_in_bed":16,"minecraft:climb_one_cm":3520,"minecraft:time_since_rest":3346,"minecraft:sprint_one_cm":575498,"minecraft:damage_taken":835,"minecraft:walk_one_cm":528197,"minecraft:drop":9,"minecraft:damage_dealt":429,"minecraft:swim_one_cm":62393,"minecraft:fly_one_cm":905769,"minecraft:open_chest":42,"minecraft:crouch_one_cm":1789,"minecraft:play_time":211401,"minecraft:sneak_time":2736,"minecraft:walk_under_water_one_cm":4105,"minecraft:jump":3279,"minecraft:walk_on_water_one_cm":34358,"minecraft:total_world_time":211401,"minecraft:fall_one_cm":97677}},"DataVersion":3105}