{"stats":{"minecraft:mined":{"minecraft:acacia_leaves":5,"minecraft:oak_sapling":1,"minecraft:crafting_table":5,"minecraft:cornflower":1,"minecraft:red_sand":5,"minecraft:acacia_log":23,"minecraft:grass_block":1090,"minecraft:poppy":1,"minecraft:melon":4,"minecraft:jungle_log":2,"minecraft:dead_bush":10,"minecraft:hay_block":23,"minecraft:lime_bed":6,"minecraft:coarse_dirt":3,"minecraft:furnace":1,"minecraft:mud":1,"minecraft:iron_ore":43,"minecraft:lilac":1,"minecraft:grass":68,"minecraft:oak_log":4,"minecraft:coal_ore":55,"minecraft:vine":3,"minecraft:dirt_path":8,"minecraft:sand":8,"minecraft:dirt":581,"minecraft:stone":842,"minecraft:oak_leaves":10,"minecraft:fern":24},"minecraft:custom":{"minecraft:interact_with_furnace":23,"minecraft:mob_kills":3,"minecraft:interact_with_crafting_table":39,"minecraft:interact_with_cartography_table":1,"minecraft:time_since_death":155157,"minecraft:sleep_in_bed":8,"minecraft:climb_one_cm":1536,"minecraft:time_since_rest":44844,"minecraft:sprint_one_cm":341213,"minecraft:damage_taken":685,"minecraft:walk_one_cm":681284,"minecraft:drop":16,"minecraft:damage_dealt":588,"minecraft:swim_one_cm":30637,"minecraft:talked_to_villager":3,"minecraft:fly_one_cm":350009,"minecraft:open_chest":17,"minecraft:crouch_one_cm":3155,"minecraft:play_time":155157,"minecraft:sneak_time":949,"minecraft:walk_under_water_one_cm":15311,"minecraft:jump":2551,"minecraft:walk_on_water_one_cm":15283,"minecraft:total_world_time":155157,"minecraft:fall_one_cm":73999},"minecraft:broken":{"minecraft:stone_pickaxe":3,"minecraft:iron_shovel":5,"minecraft:iron_pickaxe":2,"minecraft:stone_shovel":3,"minecraft:wooden_pickaxe":1},"minecraft:crafted":{"minecraft:oak_planks":16,"minecraft:stone_shovel":6,"minecraft:crafting_table":1,"minecraft:wooden_pickaxe":1,"minecraft:furnace":2,"minecraft:stone_axe":1,"minecraft:bread":71,"minecraft:jungle_planks":12,"minecraft:iron_chestplate":1,"minecraft:shield":2,"minecraft:stick":44,"minecraft:iron_ingot":34,"minecraft:iron_pickaxe":2,"minecraft:stone_pickaxe":3,"minecraft:stone_sword":1,"minecraft:chest":2,"minecraft:iron_shovel":6,"minecraft:acacia_planks":88,"minecraft:torch":8,"minecraft:wheat":207},"minecraft:killed":{"minecraft:trader_llama":2,"minecraft:cow":1},"minecraft:used":{"minecraft:red_sand":4,"minecraft:iron_shovel":1310,"minecraft:rabbit":1,"minecraft:stone_shovel":442,"minecraft:stone_pickaxe":393,"minecraft:oak_planks":3,"minecraft:cactus":3,"minecraft:wooden_pickaxe":60,"minecraft:chest":2,"minecraft:smooth_sandstone_stairs":1,"minecraft:torch":6,"minecraft:dirt":8,"minecraft:sand":5,"minecraft:lime_bed":6,"minecraft:crafting_table":6,"minecraft:bread":22,"minecraft:cyan_bed":1,"minecraft:melon_slice":8,"minecraft:iron_pickaxe":500,"minecraft:stone_axe":45,"minecraft:cobblestone":5,"minecraft:furnace":3,"minecraft:oak_sapling":3,"minecraft:coarse_dirt":2},"minecraft:picked_up":{"minecraft:coarse_dirt":3,"minecraft:mud":1,"minecraft:cocoa_beans":3,"minecraft:lime_bed":6,"minecraft:crafting_table":5,"minecraft:lilac":1,"minecraft:jungle_log":3,"minecraft:leather":3,"minecraft:lead":2,"minecraft:smooth_sandstone_stairs":1,"minecraft:oak_log":4,"minecraft:golden_boots":1,"minecraft:cornflower":2,"minecraft:dirt":1739,"minecraft:wheat_seeds":35,"minecraft:red_sand":4,"minecraft:iron_ingot":9,"minecraft:beef":3,"minecraft:poppy":2,"minecraft:rabbit":1,"minecraft:melon_slice":16,"minecraft:furnace":1,"minecraft:stick":14,"minecraft:raw_iron":58,"minecraft:acacia_log":22,"minecraft:sand":10,"minecraft:cyan_bed":1,"minecraft:cactus":3,"minecraft:rotten_flesh":1,"minecraft:peony":1,"minecraft:hay_block":23,"minecraft:bread":38,"minecraft:oak_sapling":4,"minecraft:coal":72,"minecraft:cobblestone":861},"minecraft:dropped":{"minecraft:bread":30,"minecraft:iron_ingot":21,"minecraft:cobblestone":128,"minecraft:stick":3,"minecraft:poppy":1,"minecraft:shield":1,"minecraft:cornflower":2,"minecraft:iron_chestplate":1,"minecraft:sand":4,"minecraft:mud":1}},"DataVersion":3105}